[
  {
    "title": "BTC Halving Cycle Momentum",
    "why": "On-chain accumulation + miner behavior",
    "risk": "Macro tightening",
    "catalyst": "ETF inflows",
    "valid": "Q3 2025"
  },
  {
    "title": "SOL DeFi TVL Surge",
    "why": "New AMM incentives",
    "risk": "Volatility",
    "catalyst": "Protocol upgrade",
    "valid": "Aug\u2013Sep 2025"
  },
  {
    "title": "L2 Rotation",
    "why": "Liquidity migration",
    "risk": "Fee spikes",
    "catalyst": "Major airdrops",
    "valid": "2025"
  }
]