[
  {
    "name": "Bitcoin",
    "symbol": "BTC",
    "price": 64450.12,
    "change": 2.34,
    "volume": 120.3,
    "fav": 1,
    "sparkline": [
      1,
      1.2,
      1.1,
      1.4,
      1.35,
      1.5
    ]
  },
  {
    "name": "Ethereum",
    "symbol": "ETH",
    "price": 3240.55,
    "change": -0.8,
    "volume": 90.2,
    "fav": 1,
    "sparkline": [
      1,
      0.98,
      1.05,
      1.02,
      1.1,
      1.08
    ]
  },
  {
    "name": "Solana",
    "symbol": "SOL",
    "price": 152.81,
    "change": 7.2,
    "volume": 70.1,
    "fav": 0,
    "sparkline": [
      1,
      1.05,
      1.2,
      1.18,
      1.25,
      1.3
    ]
  },
  {
    "name": "Avalanche",
    "symbol": "AVAX",
    "price": 40.95,
    "change": 5.9,
    "volume": 30.4,
    "fav": 0,
    "sparkline": [
      1,
      1.02,
      1.01,
      1.05,
      1.08,
      1.09
    ]
  },
  {
    "name": "Polygon",
    "symbol": "MATIC",
    "price": 0.73,
    "change": 5.6,
    "volume": 28.9,
    "fav": 0,
    "sparkline": [
      1,
      1.01,
      1.03,
      1.06,
      1.05,
      1.08
    ]
  },
  {
    "name": "Internet Computer",
    "symbol": "ICP",
    "price": 7.3,
    "change": 3.8,
    "volume": 16.2,
    "fav": 0,
    "sparkline": [
      1,
      0.98,
      0.99,
      1.02,
      1.05,
      1.03
    ]
  },
  {
    "name": "Polkadot",
    "symbol": "DOT",
    "price": 8.18,
    "change": 3.5,
    "volume": 22.7,
    "fav": 0,
    "sparkline": [
      1,
      1.0,
      1.02,
      1.01,
      1.03,
      1.06
    ]
  }
]