[
  {
    "pair": "BTCUSDT",
    "tf": "H1",
    "entry": [
      64000,
      64500
    ],
    "sl": 63000,
    "tp": [
      65000,
      66000,
      67000
    ],
    "rr": "1:2.3",
    "status": "Still-Valid"
  },
  {
    "pair": "ETHUSDT",
    "tf": "H1",
    "entry": [
      3200,
      3250
    ],
    "sl": 3120,
    "tp": [
      3300,
      3380,
      3450
    ],
    "rr": "1:2.0",
    "status": "Late"
  },
  {
    "pair": "SOLUSDT",
    "tf": "H4",
    "entry": [
      145,
      150
    ],
    "sl": 139,
    "tp": [
      155,
      162,
      170
    ],
    "rr": "1:3.1",
    "status": "Invalid"
  }
]